{
  "modelVersion": "v2",
  "timestamp": "2025-11-22T20:57:08.116Z",
  "target": 50,
  "results": {
    "avgTimeMs": 0.5689979999999957,
    "minTimeMs": 0.26159999999993033,
    "maxTimeMs": 2.8134999999999764,
    "stdDevMs": 0.3707403714137381,
    "samples": 100,
    "targetMet": true
  },
  "recommendations": [
    "Performance target met",
    "No optimization needed"
  ]
}